-0.06069244589527764,0.13389168719954567,-0.16928595068635793,-0.09287224015176061,0.728381393741084,0.6677293823556792,-0.12236324693261764
-0.061585968902642736,0.134055417674685,-0.16845673333606248,-0.08665216927531821,0.729248258608484,0.6686355120404549,-0.11668303610540007
-0.062394897009544224,0.1342028080684833,-0.16771732000739012,-0.08013784736720549,0.7300884039187957,0.6695516281540167,-0.11067730173328744
-0.06325218427308216,0.13435687733014148,-0.16696171133575596,-0.06784952825261753,0.7314313474250613,0.6712074063242317,-0.09942456042323958
-0.06410266764411869,0.13450738489206046,-0.1662427442223356,-0.057356184210291025,0.7324045353835431,0.6724784229717475,-0.08981444939364137
-0.06500560670702969,0.13466458926122005,-0.16551323557396744,-0.04641781765899477,0.7332589348162957,0.6736549965695258,-0.07978512588672099
-0.0627656826121778,0.1341968244240764,-0.1689670746957582,-0.04254827946891021,0.7335656329843424,0.6739839979978931,-0.07626713880363258
-0.06279974424470938,0.13423041953140544,-0.1686335925865218,-0.03239768780726745,0.7341491439518127,0.6748991720800332,-0.06698157795430748
-0.06285095932055436,0.13426893897188405,-0.16826125076607665,-0.015968163230498014,0.7347565706265106,0.6761497351776827,-0.05195512778699764
-0.06289719443030878,0.13429783542996704,-0.16798851388421143,-0.007921856450948695,0.7349353903026247,0.676623049388595,-0.04459221128379325
-0.06295822598641787,0.13433245366731048,-0.1676662534080325,0.001544692022631247,0.7350268757356123,0.6770838713689981,-0.03592404494026135
-0.06301681878643868,0.134362724883822,-0.167388799001341,0.007776852122110034,0.7350328089538701,0.6773128365759454,-0.03022601101536286
-0.0631197299191213,0.1344124988899623,-0.16693739019586085,0.018315733844014817,0.7348878044837814,0.6776290197482789,-0.020575721366438895
-0.06324796745373412,0.13446970066929823,-0.1664260958245129,0.024258109389712693,0.7347606525381897,0.6777236963225255,-0.01513007116386462
-0.06332022607611273,0.1345001897180381,-0.166156496951892,0.02784226973025259,0.7346703478262844,0.67774918451828,-0.011846135482955192
-0.06342865617804412,0.134544821604323,-0.1657632177786696,0.033036878714569846,0.7344941850763209,0.6777733099922157,-0.007084983843735835
-0.06100546269287315,0.1342391029670899,-0.17063682672195474,0.030617227951712945,0.7346401397680665,0.6777019769969462,-0.009299503671670054
-0.05999822443818271,0.13424459027659932,-0.17029266876939653,0.03130100317078381,0.7346519760372604,0.6776663728649523,-0.008660738600746384
-0.059468571795721105,0.13424758928380803,-0.17010892543740996,0.03166141399903556,0.7346796919226662,0.6776237934570094,-0.008324642991156008
-0.0594077684844032,0.13424758132555797,-0.1700922076207846,0.025563810511586193,0.7349212353964562,0.6775281541631772,-0.01388775257961121
-0.0585494463754567,0.13425132139452706,-0.1698065839372556,0.020124614013545136,0.7351310583372959,0.677364270748568,-0.018840692448889394
-0.057817265912838506,0.13425363920986738,-0.1695724310554232,0.015494589549334439,0.7352892918636802,0.6771838846302959,-0.02305561455106527
-0.0568590144807563,0.1342564267923737,-0.1692665971950322,0.009737322504667745,0.7354380603426507,0.6769310268232129,-0.02829185172360393
-0.05622590953865303,0.13425701060240075,-0.16907931453028846,0.001966179738646234,0.7355547832049647,0.6765394242137919,-0.03535113189140498
-0.05526093706791194,0.13425587216861834,-0.1688180667402329,-0.014097209810718726,0.7354869490233603,0.6755513613689678,-0.04990565743877109
-0.05455784265101532,0.1342529863662492,-0.16865378571646808,-0.025231464601194662,0.7352463747054735,0.6746696893181725,-0.05997459455350928
-0.053758913788577556,0.13424793126869494,-0.16848987848386945,-0.03781751577652347,0.7347751318451564,0.6734871455491402,-0.07134708054641493
-0.058277660717535706,0.134460422724129,-0.16915039835385073,-0.04183333858077623,0.7346338504106662,0.6730158026103846,-0.07491866957364307
-0.05863867627667902,0.13452500204234116,-0.16884860544460445,-0.056480478711012125,0.7337324634374802,0.671333208845245,-0.08808149819393529
-0.05891007183124881,0.13457530935025128,-0.16859884688693186,-0.06803393407220217,0.7328468401622005,0.6697962300845554,-0.09838649726184219
-0.059100582106569294,0.13461145974645025,-0.16841283976438118,-0.07527571108002709,0.7322180970566311,0.6687300221867182,-0.1048350279740198
-0.05944491235693913,0.1346780234772532,-0.16806103093207475,-0.08864076811403879,0.7308141232378055,0.6666523666098343,-0.11673968304658819
-0.0596690439068892,0.13472205957804528,-0.1678229915608676,-0.08854833603665695,0.7309216985005386,0.6665824644856411,-0.11653532033883968
-0.05989655122781472,0.1347676360927684,-0.16757017884308748,-0.09487395843477861,0.7302259476331407,0.6654819620684123,-0.12207684291368913
-0.06016213381138193,0.13482180003156144,-0.16726246010823648,-0.0996894191860563,0.7296919001409458,0.6646104878116483,-0.126113639475695
-0.06032952525714875,0.13485637593011532,-0.1670625960815155,-0.10146306012453855,0.7295332876915405,0.6642409464701585,-0.12755545700817505
-0.06054864783526479,0.13490192082840952,-0.16679718374273303,-0.10380162545983697,0.7293018427072174,0.6637650597873369,-0.12946038073969218
-0.0633173152788666,0.13532150982740418,-0.16708027497539915,-0.09946123326177549,0.7300067793360844,0.6644491974183795,-0.12531891019106128
-0.06405278054121252,0.1354534174356218,-0.16669019082095257,-0.09731677658377513,0.7303843240216071,0.6647561031733631,-0.12315643512463664
-0.06478644351260386,0.13558398981594924,-0.16631485036472218,-0.08799604669266921,0.7316659154791474,0.6662118553785007,-0.11438289927108192
-0.06549462544417056,0.13570899352092577,-0.1659671164993539,-0.0819794694754676,0.7324429296855934,0.6670720905687235,-0.10872693926703875
-0.06633136896775368,0.13585551957262615,-0.165572994799453,-0.07490412922669526,0.7332826769106947,0.6680318688999637,-0.10207501800880522
-0.06709667102946955,0.13598845855314343,-0.16522883563964788,-0.06688538496434276,0.7341351022968379,0.6690311481180357,-0.09470649239437723
-0.0677166985940388,0.1360949854079291,-0.1649671380428548,-0.059203193875821,0.7348658767330944,0.6699228219956735,-0.08758160547486682
-0.0686784513703366,0.13625782916557322,-0.16459655536543963,-0.04000152252266757,0.7362344944745816,0.6719203108314918,-0.06986947283139713
-0.06939255836403074,0.13637649007767544,-0.1643548967304786,-0.030106995134486187,0.7367583378226596,0.6727489167584627,-0.06074220520427855
-0.07019522096396316,0.1365083571238398,-0.16410695164699574,-0.019056114137579676,0.7371812785817257,0.673532651907678,-0.0505410114342635
-0.06668479182745372,0.13583341681007602,-0.16716796806773954,-0.012026331520864934,0.7373782664343738,0.6739312607684261,-0.04410572864682726
-0.06639745968121034,0.13580659065910589,-0.16711949671776175,-0.001273764302013778,0.7375199353480821,0.6744569572643494,-0.034213086478415033
-0.06608201053121093,0.13577757527091375,-0.16705582130318297,0.011474126180157283,0.73747494899468,0.6749014923055713,-0.022517098334576567
-0.06572936299007186,0.13574554469930092,-0.16697480309354407,0.021745103053061862,0.7372789114088727,0.675111505326305,-0.01309246581090602
-0.065429754051524,0.13571866024028004,-0.16689798612051776,0.030546246301441923,0.7370034285837775,0.6751798007167479,-0.005010967645184636
-0.06511370081998102,0.13569017249386853,-0.16681900831755012,0.02691704596551979,0.7371780896349,0.6751100487392472,-0.008388020625910866
-0.06484373539488793,0.13566600629724798,-0.16674724719415193,0.031087056506610942,0.7370503042750682,0.6751069270145075,-0.004591403142024355
-0.06455244910764005,0.13563999972517532,-0.16666764008991952,0.03139827057864429,0.7370752861987757,0.6750665794576782,-0.004391398293619327
-0.0643101490356323,0.1356183477786856,-0.16660135931551273,0.03102075184608603,0.7371239832768894,0.6750281567807996,-0.004788923264363897
-0.06401475596164237,0.1355918756494484,-0.16652166263698714,0.030559781883072793,0.7371813970954307,0.6749828671377873,-0.005274142408008536
-0.06255785521975425,0.1353725163861023,-0.16916598371258712,0.023623692695883405,0.7374788454903425,0.6748555231811866,-0.011700274761255874
-0.06189810881289642,0.13531829134127063,-0.1691885878682953,0.017742623773296527,0.7376840124189513,0.6746942688231715,-0.01717966065676268
-0.061104236915287935,0.1352519058455733,-0.16923663671406747,0.005741983048811965,0.7379257061392646,0.6742645051664952,-0.028285312833987056
-0.06049803085182327,0.13520016743642752,-0.16929278152312266,-0.003774418440633626,0.7379811920105213,0.6737907944407157,-0.037087455171721025
-0.05992752329862146,0.135150548014395,-0.16936285106521923,-0.012776320612811259,0.7379334864521968,0.6732228627788093,-0.045408283781801284
-0.05916469050421082,0.13508353522985375,-0.16946754605718475,-0.020068568630457917,0.7378286970161219,0.6726737684510907,-0.05211590592539818
-0.058578553465903474,0.13503077707723227,-0.16957154584671974,-0.03175486921634992,0.737480636304735,0.6716846787929337,-0.06287791052069891
-0.057976916026430424,0.13497508222517227,-0.16970690391804646,-0.048709720190227554,0.736629388991535,0.6699609400393285,-0.07846556731819933
-0.057363291812480864,0.13491683666215232,-0.16987152930239952,-0.06140135946277672,0.7357470940098344,0.6684196665286143,-0.09011790116277033
-0.0567008517256586,0.13485242555095783,-0.17007741346718558,-0.07526531656212557,0.7345338982318823,0.6664979968686747,-0.10283727262584255
-0.05610840790296886,0.13479435686719288,-0.17026816756217808,-0.0750454398773249,0.7346430682645575,0.666435154274969,-0.10262518867682385
-0.06094879653781444,0.1356049446478044,-0.1686300165384996,-0.07735220282552517,0.7344174287433115,0.6660907733986817,-0.10474138947544882
-0.06120024486591154,0.13566558892475017,-0.16858271476574613,-0.08352637527807287,0.733804858723877,0.6651063273731413,-0.11039631893477855
-0.06164146044129939,0.13577255402549115,-0.16849366588021913,-0.09438741390946982,0.7325735036602671,0.6632829124729008,-0.12034473753292721
-0.061682545525156854,0.13578265358861474,-0.16848382005130783,-0.09439631756146041,0.7325816148926027,0.6632662865085682,-0.12038000636865007
-0.06196078777102641,0.13585080455186666,-0.16842017943872956,-0.09875503751227596,0.7320850940825248,0.6624422137761403,-0.1243751220923875
-0.06236397071850078,0.13594993883912584,-0.16832447901047812,-0.10508213894561373,0.7312901407039593,0.6612303746516818,-0.1301801283675611
-0.06285629267323846,0.13607105040259046,-0.1682082026205484,-0.10349331970601423,0.7316038692001011,0.661410367174178,-0.12876815422373994
-0.0632061368931588,0.1361573337401495,-0.16812403232438589,-0.1048502685697557,0.7314957927539933,0.6610660084882359,-0.13004637167367836
-0.06362521542282915,0.1362606078907899,-0.16802552561362438,-0.1006914648325149,0.7321733859641045,0.6616762851152346,-0.12636398027857282
-0.06385323236626524,0.13631663943005032,-0.16797453217215022,-0.09866808249273874,0.7325199022955525,0.6619410132106162,-0.12455238764400745
-0.06420859911160687,0.13640374844030057,-0.16789844584764305,-0.09551070094338794,0.7330156639544674,0.6623795803451531,-0.12173345449987336
-0.0658093116569782,0.13634581913890106,-0.16758298573546523,-0.086067410439076,0.7342589402611746,0.6638081250334712,-0.1132032801927402
-0.06702971811487454,0.13646509286105774,-0.1673254381577244,-0.07167699515578359,0.7358681616035925,0.6658175489686745,-0.1002369621892714
-0.06771864523550647,0.13653100003002155,-0.1672110113731204,-0.0626106595326173,0.736762662519944,0.6669310710810158,-0.09199799376151001
-0.06839285134116015,0.1365946501000675,-0.1671180349152142,-0.05168566866311848,0.7376604174708518,0.6681658213155353,-0.08209832749399604
-0.06898143162580025,0.13664931067642913,-0.16705623771499717,-0.042163557643333564,0.7383146459163877,0.6691168457799426,-0.07345995321069038
-0.06955949440426383,0.13670237530053167,-0.16700913237935155,-0.03393144331443821,0.7387823944254265,0.6698501171796004,-0.06595491911986669
-0.0702224605996919,0.13676228023303713,-0.16697518190758107,-0.022138916318779386,0.7392695057619131,0.6707759022795041,-0.05522820978344394
-0.07079261180939382,0.1368124201479621,-0.16697391227865346,-0.005411177541171623,0.739621100182109,0.6718141474114739,-0.03996371680435894
-0.07142719442659351,0.13686717399432313,-0.16699394211477064,0.004874729892031996,0.7396518355301578,0.672277600376405,-0.030565131072690925
-0.07215471327012116,0.13692883045971058,-0.16703942058324733,0.01670205299248022,0.7395043800656672,0.6726546490917239,-0.019749337832429447
-0.06706713282799914,0.1361361340272931,-0.16988397455734283,0.017967147345289015,0.7394994833976964,0.6726616843091048,-0.018546000465089633
-0.06638673349073339,0.13602928950870113,-0.17002668345391916,0.025968049270332316,0.7392831172793162,0.6728007789112054,-0.011191283185852498
-0.06581672011946348,0.13594056985399283,-0.1701335241059642,0.03188627541946449,0.7390756447890203,0.6728433882597915,-0.005677287613920952
-0.06533189910080889,0.13586538936360618,-0.17021977563171595,0.03443507930625504,0.7389820999077166,0.6728364018217405,-0.003295104357479858
-0.06482338018123668,0.13578664969474377,-0.17030826846669714,0.037108299184127426,0.7388735744515625,0.6728210618158398,-0.0007961694784808761
-0.06405852988034966,0.13566796808171738,-0.17044556372928654,0.034125551010118736,0.7390427196618717,0.6727849699931278,-0.003418981483708281
-0.06354447400439588,0.13558808002180375,-0.17053984868359,0.03301409305316878,0.7391197500485978,0.672750350713991,-0.004362380333816028
-0.06272875488857273,0.13546060916393518,-0.17070093470380604,0.023995061784612876,0.7394984088951789,0.6726157533324412,-0.01242532174569353
-0.06217737641977092,0.1353736398933428,-0.17082297852711847,0.018764513651042945,0.7396810610556968,0.6724781824779869,-0.017114760707112764
-0.061188992739224804,0.13521647581760313,-0.1710619719613116,0.009333572325959499,0.739894160042568,0.6721725456313326,-0.025565313650199074
-0.0621775678662673,0.13541306652689006,-0.17123483251517896,0.002924205489205581,0.7399885251248896,0.6718800273577286,-0.0313952312226762
-0.06188752415740876,0.1353713233942195,-0.17145487430286313,-0.009555207210301809,0.7399768199032692,0.6712113927513566,-0.042641180351828956
-0.061631086685083644,0.13533323641206196,-0.17167078784428363,-0.024866190504749013,0.7396758313735426,0.6701286760949144,-0.05647029774064954
-0.06144023398623592,0.1353040663420046,-0.1718461928704315,-0.03535283545275758,0.7393010147748846,0.6692066877359893,-0.06592871656343907
-0.06119847416854677,0.1352661517879059,-0.17208548219956488,-0.04904268603557662,0.7385796198184004,0.6678091403647973,-0.07826820670331988
-0.06102387868875692,0.135238100546734,-0.17226992458199847,-0.0547660379127725,0.7382444121842788,0.6671067883449281,-0.08345299224198416
-0.06086162457350204,0.13521130156830843,-0.17245401693719858,-0.06437567276669401,0.7375425706445501,0.6658833963000333,-0.09211966008837005
-0.060676221491883245,0.13517950640587853,-0.17268452651706967,-0.08118122390864728,0.7359692102247681,0.663506734968864,-0.10732074886424754
-0.06043959324203662,0.13513729749174266,-0.17300668239176398,-0.09356969958908416,0.7345697559547262,0.6615168490236424,-0.11852191111036922
-0.06026121974582573,0.13510410096342798,-0.173273080431356,-0.10343542862657089,0.7333284605981711,0.6597662937686902,-0.12743201555449257
-0.06507971389201325,0.13575367781176387,-0.170304965556784,-0.09968198576834318,0.7339350574177863,0.6603070868586365,-0.12408619685803736
-0.06600583363426109,0.13585701992274504,-0.17014324329972424,-0.10513138678129803,0.7332579661959782,0.6592620147070715,-0.12904938003706906
-0.06701983681728182,0.13597107763647898,-0.16995464785935582,-0.10671868885450818,0.7331213771396277,0.6588479856528822,-0.13062733110344898
-0.06805327095842778,0.1360878173764465,-0.16975862623936636,-0.10735318291391868,0.7331033730879459,0.6586281239327189,-0.131315394566646
-0.06895546716895225,0.1361899469788659,-0.16958801319511363,-0.10791130240389843,0.7331059764634816,0.6584143168126962,-0.13191423540729055
-0.06979914066960269,0.13628515237316643,-0.16943856203439914,-0.10138875900430487,0.7341147429438375,0.6594610309349803,-0.12612300511105473
-0.07060212746484895,0.13637559932415014,-0.16930365277149226,-0.09745999801889522,0.7347234240411068,0.6600194278365784,-0.12270857276386511
-0.07155527573470111,0.1364820558041194,-0.16916610885073607,-0.08421652151665426,0.7364369836902903,0.6619909612464723,-0.11106805924636383
-0.0724697540060767,0.13658304873046254,-0.16906013010808818,-0.07543363919234598,0.7374462174924996,0.6631779342428554,-0.10333377917013699
-0.07373352244689543,0.13672107608382741,-0.16894754763315123,-0.063289418121112,0.7386490994352815,0.6646888446672335,-0.09263205294214881
-0.0722689503918507,0.13632144657713524,-0.16975843696943954,-0.05746949707640349,0.7391790276203253,0.6653327835833439,-0.08742945225320062
-0.07255673415788591,0.13631585596977155,-0.1698321476830335,-0.04783801107812533,0.7399077197461656,0.666350259136109,-0.07890135046600395
-0.07307348183727957,0.13630433627111702,-0.16998543743229483,-0.027782727568557368,0.74097357727641,0.6681703772470412,-0.061111576616857836
-0.07338966419261068,0.13629576546871183,-0.1700984100732144,-0.016278231359146342,0.741342688559473,0.6689959503985953,-0.05089651907066351
-0.07372035818358544,0.13628567375154843,-0.17023016230635374,-0.004087745714697084,0.7415374193248264,0.6697019051146561,-0.040061257616912635
-0.0740784580982599,0.1362740443197983,-0.17038177449200748,0.0013662477677151748,0.741567832390697,0.6699516261264425,-0.035215081725529014
-0.07442185752874418,0.1362615277613452,-0.17054250694128026,0.012755897975182236,0.7414775383396339,0.6703871733941624,-0.025087545779301855
-0.07488343343948856,0.13624275323725685,-0.170779822973399,0.02416733975079052,0.7412074417497022,0.6706740220499656,-0.014960753041006214
-0.07525286229731265,0.13622601508418705,-0.17098767141357907,0.03289053437732113,0.7408801190005407,0.670792599669212,-0.00722151280128298
-0.0755732627862206,0.13621026335035855,-0.17118048438209033,0.040573673165304525,0.7405091770436547,0.6708202255668597,-0.000400912000113287
-0.07079616655716804,0.13593953470454664,-0.17345316528537852,0.036743205382931965,0.7407188589760889,0.6707984562702807,-0.003865214192895891
-0.07013739372300914,0.1358895147668282,-0.1736268750733947,0.039038420664516266,0.7406126348297843,0.6707946287836195,-0.0018689134680225231
-0.0691897166686985,0.1358173877533554,-0.17387791095778674,0.03678279981387955,0.7407408921696272,0.6707709913163278,-0.004029083531985657
-0.0682515076967817,0.13574550935285898,-0.17413405403068752,0.033945706151812666,0.740887831010171,0.6707372133481825,-0.006670946320726036
-0.06744335430050241,0.13568301933392027,-0.1743652036658317,0.03149115280244816,0.7410128870358097,0.6706921761683772,-0.008956191632254267
-0.06652889262354729,0.13561162015131611,-0.17464000141812405,0.024125382601335527,0.7413097017971855,0.6705482906996185,-0.015584664755041513
-0.06567741797358181,0.13554411213940612,-0.17491635281197193,0.016201659124940756,0.741548301759772,0.6703170976345394,-0.022773032683517314
-0.06473714630301404,0.13546785345623621,-0.17525774479674974,0.0008686707668933578,0.7417553970136039,0.6696704088094484,-0.03660218541666576
-0.0641036111651789,0.13541524974620164,-0.1755146289306685,-0.00816600365526565,0.7417412592158654,0.6691423534399632,-0.04474071517076956
-0.06332378301489772,0.13534933436316887,-0.17585661674048958,-0.0194243837300534,0.7415705368798207,0.6683446733298077,-0.054874673394515364
-0.0667286400054943,0.13552353610710888,-0.17437285831022242,-0.029008270231051236,0.7413027868686781,0.6675346367442997,-0.06345240094424438
-0.06686695503779716,0.1355138838895857,-0.1745074480271632,-0.03755432298412179,0.7409681713868338,0.6667080487295663,-0.0711070993366331
-0.06708747226999764,0.13550021260596615,-0.174708743366345,-0.05946687370375858,0.7395979414720809,0.6642551337106093,-0.0906845810557793
-0.06727172245858527,0.13549040177128577,-0.17486408871438283,-0.06945809326262999,0.7387854375438968,0.662913309338763,-0.09958712193311997
-0.06749590929325125,0.13547955971604,-0.17504494821125763,-0.08132419634308821,0.73764214157384,0.6611632193306346,-0.11015281870138897
-0.067755335734895,0.13546768659015496,-0.1752505145925116,-0.0856473113394832,0.7372263819137814,0.6604360896511549,-0.11395600623453074
-0.06807444756009717,0.1354546550416446,-0.17549215667705095,-0.0981770565449572,0.7357393941812987,0.6583376048217431,-0.12506161479636396
-0.06836508526255526,0.1354442116295794,-0.17570203367224044,-0.10279062668615079,0.7351947683523278,0.6574621561155456,-0.12909784246350967
-0.06856393970827064,0.13543760624389273,-0.1758423355145605,-0.10676486750606541,0.7347007240644212,0.6566874732497259,-0.13258081159247134
-0.06878769140010516,0.13543057392058036,-0.1759981645963055,-0.11119324439499552,0.7341230057963977,0.6558031660945379,-0.13646128425951823
-0.07193515276683592,0.13604186111531333,-0.17280691462657358,-0.10804794791769332,0.7346735339530748,0.6563015465703818,-0.1335990996564001
-0.07271623661269296,0.13613336401612963,-0.1726768548800278,-0.10779950659980654,0.7347869489552682,0.6562725642784222,-0.13331814354119487
-0.07353002667560782,0.1362284358482116,-0.1725496479627831,-0.10038205874719625,0.7359209157677113,0.6575024901263776,-0.1266267092476936
-0.07460702568936362,0.13635363499766318,-0.1723966798078648,-0.09416259477467452,0.7368082192119166,0.6584829767091226,-0.12102571309997556
-0.07544476289261956,0.13645030816762221,-0.1722935284177537,-0.08932746624841677,0.737478016716062,0.6591937705501001,-0.11666341115415572
-0.07637160630195755,0.13655665867125644,-0.17219378923767317,-0.08089761991021543,0.7385138144996307,0.6604117983038457,-0.10912917825745809
-0.07743462215899906,0.13667742110168002,-0.1721050374995086,-0.06997542427045224,0.7396859345567797,0.6618901449992435,-0.09934583116524844
-0.07852008421656329,0.13679850409903593,-0.17205861661554736,-0.05299000411952259,0.741152339636037,0.6639296106607618,-0.08415902211462824
-0.07945095033387473,0.13690051118621713,-0.17205475043871965,-0.04095793131390459,0.7419537143349436,0.6651619833532358,-0.073393934004494
-0.08038584098459854,0.13700132587899586,-0.17208273219429993,-0.02884057921131561,0.742560787267205,0.6662284316329458,-0.06254098726251496
-0.07651937165125713,0.13663112078995335,-0.17355997578288052,-0.02150352607039615,0.7428404053785165,0.6667755720510316,-0.056000598386451474
-0.07624662091837689,0.13662117643238048,-0.1738422710900396,-0.005155412802082199,0.7431586433925507,0.6678148591386879,-0.04137591549873312
-0.07590826398103899,0.13660842581559998,-0.1741699468499874,0.007367309324572244,0.7431613760001193,0.6683899203836136,-0.03019613062152337
-0.07571575501738798,0.13660099188609479,-0.1743444726836179,0.016471998451558553,0.7430301430453744,0.6686913729040167,-0.022061903742050144
-0.07545746009404604,0.1365908617669942,-0.17456930437859597,0.028448908020350282,0.7426814985669383,0.6689439126211789,-0.011353109084522193
-0.07524533428511358,0.13658242526163691,-0.17475062953246379,0.029069754264954877,0.7426679416117776,0.6689404926789345,-0.010857953009887069
-0.07497865968781138,0.13657167894557978,-0.1749712378414842,0.03685914368174241,0.742331340326913,0.6690067815138021,-0.003938398664624868
-0.07467242430960533,0.13655914952727127,-0.1752178113679968,0.039677108763364194,0.7421946355045332,0.6690070947453767,-0.001535333456857375
-0.07445574237659246,0.13655015996467737,-0.17539036126167082,0.04139712510472825,0.7421096234704122,0.6689989378331659,-7.722539967963506e-05
-0.07426786609027825,0.13654227871681665,-0.1755396554537426,0.042885098136312014,0.7420358841490103,0.6689859585149472,0.0011841886980026074
-0.07116038030769331,0.1359681582413148,-0.17622914093352546,0.03726562884192977,0.7423528355483188,0.6689601936134066,-0.0039748988791675965
-0.07029929700792359,0.13584817949318256,-0.17641580551162334,0.03375275459970181,0.7425359547655451,0.6689159270929426,-0.007251890701174304
-0.06949270473245114,0.13573458093422036,-0.17660932667432336,0.022131367137813492,0.7429916643278556,0.6686956357710377,-0.017881164075709784
-0.06876977420137953,0.13563157366995218,-0.17680103242526105,0.014959256945813548,0.7431905452379196,0.66846627832018,-0.02443089947915655
-0.06796515375093483,0.1355156855609186,-0.1770331750135555,0.00691603491983313,0.7433331696915981,0.6681306222729567,-0.03177166785645686
-0.06681009514142168,0.1353479093756224,-0.17738748908865434,-0.0032569295945648735,0.7433891939437972,0.6675948262620166,-0.04097617216621323
-0.06601848352368979,0.13523068043953868,-0.17766391067229667,-0.014613691976488395,0.74328765678532,0.6668442204114825,-0.0512707029521427
-0.06513342399488026,0.13509652383927295,-0.17801841190646076,-0.03419825627907255,0.7426906813794375,0.6651955410517267,-0.06896320195958466
-0.06424922778060856,0.13495930186651028,-0.17841886043418265,-0.048734542823112494,0.7419231431483194,0.6636557648156594,-0.08207325888304144
-0.06347210893408389,0.13483586733059802,-0.1788110670180042,-0.06177503054776817,0.7410050838486306,0.6620369059686092,-0.0938213538956727
-0.06914957725909175,0.13555890802005002,-0.17594708079533508,-0.0653774209029104,0.7407576632964551,0.6615039578821243,-0.09703808948008033
-0.06969851871107086,0.13559758662370577,-0.17595914954690367,-0.07514482492591397,0.7398963966936514,0.6600840261861394,-0.10580952613304961
-0.07050239802054944,0.13565586235890498,-0.1759516754164079,-0.09033946744905474,0.7382728059819744,0.6576648291091494,-0.11945299126165329
-0.07110388463407445,0.135700766061365,-0.17592565531359416,-0.09817138793940058,0.7373372215484334,0.6562781870713325,-0.1264718999764508
-0.07183065415641997,0.1357559964563139,-0.17587957668378756,-0.10764595396473463,0.7360901469762128,0.654499621562856,-0.13495884370295297
-0.0727341641756165,0.13582496103650057,-0.17582088317393574,-0.10570043338359798,0.7364474064773906,0.654771911277784,-0.133215539922647
-0.07350667875886452,0.13588479967316203,-0.17575836104019127,-0.11038354995838415,0.7358375714611971,0.653814863592038,-0.1374214847496465
-0.07411178436157045,0.13593221054650673,-0.17570237402169744,-0.11406214550778235,0.7353501911664061,0.6530299102364966,-0.1407190806188148
-0.07418516956750035,0.13593782312580513,-0.1756983990896614,-0.1085369445104168,0.7361946021433402,0.6540586029688124,-0.13581083658470477
-0.07474559102340517,0.13598168838559735,-0.1756500612651144,-0.10736887984385132,0.736433440097965,0.6541938868795527,-0.13478898440145953
-0.07532914796593919,0.13602735278923683,-0.1756022195496246,-0.106152014645163,0.7366819368674323,0.6543315422091702,-0.13372249829475436
-0.07607181667920426,0.13608515876859728,-0.1755499479621503,-0.09821880082088183,0.7378511918207524,0.6556565638428408,-0.12666158132520672
-0.07263977657476435,0.13577878562294335,-0.174952434007628,-0.097818134923354,0.7379086254874279,0.6557204507415723,-0.12630583276571494
-0.07260378533988644,0.1357541064022221,-0.17506607332399474,-0.09214987549054904,0.7386990008936845,0.6566013236664191,-0.12127196001242296
-0.07255723864941334,0.13572441254150966,-0.1751998571451141,-0.07632937263994141,0.7405668775038932,0.6589713096314789,-0.10719766741445552
-0.07251691784124772,0.13570048346749683,-0.17530505360496312,-0.06758449029508326,0.7414635077532545,0.6601380489345375,-0.09940804640820194
-0.07246980230534483,0.1356739129381526,-0.17541962041222936,-0.057934537585244285,0.7423274191805725,0.6613230172646437,-0.09080450937856853
-0.07241940266286546,0.13564696850492416,-0.17553325198512776,-0.046701469482888405,0.7431596385487493,0.6625781939505538,-0.08076423268658812
-0.07236487450789927,0.13561936424023743,-0.1756467804018001,-0.03481377020467633,0.7438472230740459,0.6637466344840787,-0.07014068249044478
-0.07229025548025864,0.13558413307760964,-0.1757865289979608,-0.014709681094246163,0.7445471031459144,0.6653681219769004,-0.05213922454415007
-0.07221413994026325,0.13555050623212303,-0.17591471561350855,-0.000714335104680281,0.7447150946188731,0.6662068274762791,-0.03959015781924058
-0.07213475374886742,0.13551718154300268,-0.17603736556456145,0.013044966953380921,0.7446219669578432,0.6668028457030013,-0.027238210723127758
-0.06937123031983054,0.13543031665906885,-0.17667252170401132,0.014092965495803862,0.7446188039547236,0.666823903919384,-0.02626987404391558
-0.06865913047775306,0.13538416337624037,-0.17680142260529103,0.024416085903738057,0.7443634695062842,0.6671122434557727,-0.016974529304642272
-0.06792325060611273,0.13533765619562552,-0.17691019207790212,0.0341491610161622,0.7439932991360945,0.6672638572580448,-0.008170094222086005
-0.06738806110948464,0.1353044169387487,-0.17697750563462084,0.03873402756181821,0.7437765680322105,0.66729301460596,-0.0040155464331575776
-0.06669648407442931,0.1352618991212689,-0.17705583358376015,0.04465778411650346,0.7434568255897855,0.66728988965244,0.0013542412625054906
-0.06598316405724747,0.13521815550085806,-0.17713404457935533,0.042504477588871596,0.7435909048732551,0.667282287391815,-0.000533392742783705
-0.0652431661779799,0.13517302360123284,-0.1772102340463045,0.04341867334814088,0.743548628698364,0.6672706628305775,0.0003436438732051297
-0.06446508609585201,0.1351254163841988,-0.17729291034565903,0.03739498693148938,0.7438908419438593,0.6672355297070462,-0.004977762650757102
-0.06386758886590997,0.13508851727860555,-0.1773626669291523,0.03349847328952994,0.7440900979931242,0.6671857276374016,-0.008425152390591148
-0.06316338849099547,0.1350446261544369,-0.17745234418511635,0.0288903525266993,0.7443025043401978,0.6671003401618854,-0.01250062877177468
-0.06300271160944027,0.13500060392536112,-0.17754053143550477,0.01923391903281238,0.7446376637172154,0.6668573730207176,-0.021119900101890337
-0.062420642150796866,0.1349562058704711,-0.17766025456287088,0.009354368997330264,0.744855888998046,0.6664890638875846,-0.029908663023338562
-0.061728588504575965,0.1349021740306487,-0.1778277374670113,-0.008141208536111772,0.7449049540024324,0.6655681827820402,-0.04548982627377273
-0.06117320990666871,0.13485771280703776,-0.1779852182617454,-0.02092875469725102,0.744692152659392,0.6646519875069357,-0.0568622941625081
-0.0606697882374841,0.134816531389505,-0.17814682982551483,-0.03266003575873739,0.7443161069960776,0.6636260749587467,-0.06728512142583479
-0.06017197243274763,0.13477528768549055,-0.17831723896429552,-0.04042673206966751,0.7439878248611872,0.6628296024875706,-0.0741937588928877
-0.059690517972875445,0.13473457176057144,-0.17850013324292927,-0.052642101949908725,0.7432839401375435,0.6614580427088332,-0.08503558767776816
-0.05913716632643544,0.13468653858759536,-0.1787385388245396,-0.07145536244964841,0.7417867776820132,0.6590118964382642,-0.10173410434150211
-0.05864911980465394,0.13464317526465772,-0.17897227695400572,-0.08276679499351938,0.7406736975883345,0.6573145101958884,-0.11175762181285243
-0.05805357671532952,0.13458930644368727,-0.17928020912255854,-0.09678270012574727,0.739047910689021,0.6549985942499384,-0.12416978776323602
-0.0639060885449994,0.13539019860579765,-0.17569639191752537,-0.09593054393316523,0.73924190248973,0.6550466525352198,-0.12342051428532785
-0.06461048970135784,0.1354872154169361,-0.17549750860211738,-0.10230734120373833,0.7384679621765821,0.6538661985736305,-0.1290630510156083
-0.06548892584599592,0.13560969032032977,-0.1752288144451319,-0.10926455097468682,0.7375610617121463,0.6525093027392457,-0.1352647329687044
-0.06624207752428637,0.13571576627274082,-0.17498416101478872,-0.11191212437682373,0.7372397647649062,0.6519301061692364,-0.1376239162973511
-0.06708831836711768,0.13583564604766288,-0.1747012976999407,-0.11489876217910204,0.7368652031393457,0.6512663732060162,-0.14028562999538757
-0.06795048918431064,0.13595784795680033,-0.17441604366646563,-0.10963919872408308,0.7377474392184309,0.652152079046674,-0.13566734251428905
-0.06885060090508968,0.13608565601153244,-0.1741186245623988,-0.10710756265647176,0.7381972405950138,0.6525156385931301,-0.13347713433804706
-0.06983306192080556,0.1362245989364425,-0.17380814480359702,-0.09661694055536274,0.7397249920084086,0.6542339876295689,-0.12429799848024282
-0.07062553738189484,0.13633587286096066,-0.17357457244623908,-0.0896764933934973,0.7406625206550113,0.6552876725178702,-0.11821684852728712
-0.07175856129154186,0.13649394096028206,-0.17326186267020288,-0.07976395025968658,0.7418598217706932,0.6567227406698045,-0.10953063027512557
-0.07087648451097554,0.13603848792514125,-0.1740579897176773,-0.07216814676946491,0.7426972951108476,0.6577386336751239,-0.10282206085307208
-0.07147312042502674,0.1360394663433013,-0.17395019554552404,-0.057122519913803654,0.7440572695972943,0.6596126323534138,-0.08959337318081251
-0.07190193393628312,0.1360394277560057,-0.17389335616496523,-0.041034193529884994,0.7451647878222417,0.6613311021110061,-0.07541092315989315
-0.07229768780040774,0.13603888531036332,-0.1738534476087119,-0.02958670681113382,0.7457424109815162,0.6623647734343013,-0.06531301674914776
-0.07276139222487117,0.13603765940451854,-0.17381989296359876,-0.016171013808431157,0.746182553842368,0.6633938561768722,-0.05346668346240232
-0.07331259510243063,0.13603580290971468,-0.1737886079659643,-0.008447456033529204,0.7463354399863157,0.6638807773871083,-0.04663008602697429
-0.07375743143818556,0.13603347566867652,-0.17377919930208335,0.003870582338613213,0.7463941149751347,0.6645329132684911,-0.03573305060777424
-0.0741830877901616,0.13603051383688672,-0.17378316463810325,0.0156783586969522,0.7462539503614017,0.6649964703198409,-0.02527696779134967
-0.07424083304517524,0.13602985453487473,-0.17378793446286533,0.019613116147865314,0.746162708616321,0.6651178441461418,-0.021789707288399386
-0.07468095168817324,0.13602572185117598,-0.17380931989554568,0.029113616099679256,0.7458634333122711,0.6653280929447254,-0.013366560655857321
-0.07523666827813502,0.13601967067792792,-0.17384895947807233,0.0411470463897374,0.7453059165424655,0.6654463041057123,-0.0026884367658421083
-0.07012252159224117,0.13551339447852911,-0.17648755954557913,0.038359348665643334,0.7454638701070885,0.6654213019946089,-0.005164260519100469
-0.06933253500050206,0.1354200510791369,-0.17654690018277713,0.043441773277180185,0.7451938785684926,0.6654310401465702,-0.0006530605136638995
-0.0683730309091649,0.1353072873691495,-0.17660814226605298,0.044382241919311664,0.7451494253103055,0.6654190533717036,0.00018431452174673727
-0.06749816252555867,0.13520467063753763,-0.17666013621890167,0.044244889452593986,0.7451671500771945,0.665408374171482,6.152742861632563e-05
-0.0665673722156388,0.13510587925433942,-0.17671662337226474,0.04409861750805618,0.7451896973634108,0.6653928329126332,-6.917952617178814e-05
-0.0656424176807583,0.13502785680724114,-0.1767823464528599,0.036663449402971254,0.7456079340446525,0.6653421140335142,-0.00666869259712292
-0.06495356213442802,0.13498264409654245,-0.17684008220263875,0.0319173121154429,0.7458464690629676,0.6652638552049882,-0.010878084915351072
-0.06394142070939013,0.13493566358637604,-0.17694878009059076,0.01624481038142741,0.7463776761375075,0.6648639272494411,-0.024747301705344418
-0.06322808641579332,0.1349162297235501,-0.1770496483908427,0.007295178094880956,0.7465469763411553,0.6644908473778288,-0.032654344941179456
-0.06259949005567408,0.13490863429130684,-0.17715438103146183,-0.0006198621549797132,0.7466168698133444,0.6640717992868554,-0.039642286424355216
-0.06482427649277464,0.13620003183956042,-0.17699318589226165,-0.013473081714632868,0.7465387292829828,0.6632520547203827,-0.05094225808551084
-0.06474452494781338,0.13650800726533294,-0.17711305199946778,-0.027694972582011455,0.7461983863122156,0.6621154154101775,-0.06343605784516491
-0.06465435417897114,0.13688991267360132,-0.17725553898295904,-0.04674270728129839,0.7453155732899557,0.6602315280850884,-0.0800883565189642
-0.064597117548009,0.13715445074895363,-0.17735084478477017,-0.05795160469822615,0.7445921325419692,0.6588995658569835,-0.08986395152107288
-0.06452591789649582,0.13750479162313972,-0.1774729869032171,-0.07211214752022549,0.7434355031992199,0.657006930131313,-0.102202663969057
-0.0644601129415817,0.13784552866153194,-0.1775875742363748,-0.07815171078518987,0.7429126997331262,0.6560839717852923,-0.10736318103996989
-0.06438882335929813,0.13823843787388676,-0.1777153528434939,-0.09063558498566493,0.7415929455970797,0.6541161880241437,-0.11814019781478406
-0.06432341888028517,0.13862601723955933,-0.1778373295063997,-0.10222409517146824,0.7402053566794458,0.6521216274109047,-0.1279986225409566
-0.06426482610999147,0.13899032084156737,-0.17794848626083662,-0.10940042662224332,0.7392755757383672,0.6507891691490496,-0.1340769446618856
-0.06420109267992609,0.1394017548276731,-0.1780702785028376,-0.11720158629632663,0.7381955545624078,0.6492618920219282,-0.14067731502282058
-0.067423168905799,0.1496489666925764,-0.17447482748214652,-0.11541439911139617,0.7386049290094908,0.6495046468160525,-0.13887400435285044
-0.06822313506033578,0.15233226381649043,-0.17419721079837047,-0.11871740466527313,0.7382022986017236,0.6488133820125832,-0.14143811187253388
-0.06897448338764574,0.15488948773992772,-0.17392951638807486,-0.11541599623105793,0.7388719131322077,0.6493629779242039,-0.13811287666164107
-0.06962566750200493,0.1571272436778131,-0.1736993501148571,-0.11315594252265705,0.7393439442364903,0.6497086406404294,-0.13581217570528858
-0.07036400027614934,0.1596853734534006,-0.1734433516998543,-0.11058199418856667,0.7398709570338001,0.6500937927164046,-0.1331940320388612
-0.07114525021607739,0.1624115021923205,-0.17318350121882364,-0.10306050483250621,0.7410965893260232,0.651293825914651,-0.12637535344544423
-0.07186260722213002,0.1649247017509869,-0.1729612490610083,-0.09564035963377275,0.7422303475469875,0.6524341479841702,-0.11948520968542688
-0.07262759714326093,0.16760027699207788,-0.17275630359107863,-0.08081462090399466,0.7441427181131971,0.6545982621726811,-0.10593265449214634
-0.07323014201245419,0.16970335441103662,-0.17262108455614789,-0.07187289563410816,0.7451806913549894,0.6557327747908189,-0.09774738958152107
-0.07395532153973892,0.17223748390102078,-0.17248258565276914,-0.06112838676145966,0.746270717681315,0.6569743699607176,-0.08790912056251338
-0.06828443896013726,0.18603502715974005,-0.17117910296913721,-0.05310098392804305,0.7470144026287948,0.6577633867864019,-0.08060455802434931
-0.06784527558395574,0.18948000038852328,-0.1712648854579707,-0.04419479012060549,0.7477143451449109,0.6585730165705106,-0.07246834092161057
-0.06715674492318417,0.1948981321435062,-0.17139273856991,-0.025896815031600268,0.7487053257137436,0.6600498394583468,-0.05571265251365086
-0.06646907427971725,0.200337460273139,-0.17151249200382873,-0.013326340503980948,0.74913677015066,0.6608069414502072,-0.044166666030295725
-0.065786201573603,0.20576360485066306,-0.17162403619490468,-0.0008099577244855813,0.749367607806211,0.6613478619947161,-0.03265788992417096
-0.06492495893836209,0.21257911466488055,-0.1717589564755065,-0.004215053180464631,0.7494663048673957,0.6610698409263632,-0.03562522438792766
-0.06437582287803728,0.21694099023671976,-0.17183874942129065,0.0027079881914448445,0.7495832117179808,0.6612632115372049,-0.029131436250445328
-0.06384104109768471,0.2211973727144301,-0.17191061335159225,0.007599797311159337,0.7496718219060161,0.661324086405352,-0.02418378095066999
-0.06324351814894105,0.2259537547458192,-0.17198495720446916,0.010317240719671106,0.749738737708808,0.6613092872566595,-0.02134025095505685
-0.06279187630457095,0.22954693383532743,-0.17203682775843582,0.01236521890704197,0.749820692598831,0.6612469589044061,-0.01919608427948293
-0.057497900040720404,0.24563951923358096,-0.16949842530576736,0.007279764457048582,0.7500042293529625,0.6609802727457916,-0.023361079234868038
-0.05571699790589019,0.2539744574297875,-0.16957228143833633,0.004215137914016269,0.7501439759719328,0.6607696352267753,-0.025489940911273955
-0.053961655061544204,0.2621646058976022,-0.16964022667772813,-0.004839529589809149,0.7502779780403785,0.6602864819421619,-0.03288307141119341
-0.05231372153781802,0.26982496623559205,-0.16970360843847035,-0.01287876642571057,0.7502931153147674,0.6598050122662923,-0.039391931596344756
-0.050971169663851894,0.276039326358289,-0.16975692782186577,-0.01939998851980482,0.7502838946443161,0.6593197258793632,-0.04466785140511679
-0.04951331044933414,0.2827667955227825,-0.1698157893060111,-0.026667269741555904,0.7501967949133095,0.6587200850992423,-0.05080821895300058
-0.0477351018223597,0.29093169064649266,-0.1698924568927933,-0.03918493337311424,0.7497895160124437,0.6576781520158516,-0.06115284977320693
-0.04651786461039327,0.29647566118453017,-0.1699559459006137,-0.05400136158280337,0.7490312217711046,0.6562315499007485,-0.07345906801853029
-0.0449641549649667,0.3035157149517455,-0.17004436767597778,-0.06618658091588617,0.7481913212744279,0.6548655809789041,-0.08354731668613272
-0.04352548864859241,0.3099987983895601,-0.17013481180278678,-0.07739478579133484,0.7472750958135541,0.6534334739259674,-0.09281526524338195
-0.04471886539068551,0.32907506305626605,-0.16275282361508941,-0.08362452393178926,0.7467929992074698,0.6524776228554564,-0.09787802105062368
-0.04396879579422737,0.3381599272367742,-0.16239550497650337,-0.09512418052253739,0.7455616618314184,0.6508241600174514,-0.10731780572052528
-0.04320372855574017,0.3470458347089265,-0.16201503033063386,-0.10588293750806947,0.7443073950254925,0.6491121658876028,-0.11596853604203645
-0.04256543885275943,0.3542260351467109,-0.1616888180003879,-0.11295028388370482,0.7434260003185268,0.6478931594985234,-0.12163251742856053
-0.04167242691908314,0.3640116317090181,-0.16122245070486618,-0.12256371663519705,0.7420846304827412,0.6461880257404924,-0.12934284655699135
-0.040874425333809715,0.3725996022259847,-0.16079872031928494,-0.1221801429540365,0.7423345985563008,0.6461064847409719,-0.12867698640258596
-0.03998686014840021,0.38192202586710217,-0.16031799939002844,-0.12748052442956007,0.7416312111917679,0.6450874084199126,-0.13264274565718495
-0.03924949100664372,0.3894997730336101,-0.1599089237815226,-0.12891433506075464,0.7415898019258953,0.6447593950726743,-0.13308261479574884
-0.038623562657451406,0.3958505395145542,-0.15955596718795192,-0.12956081640464967,0.7416497253311696,0.6445390094995963,-0.1331883816330858
-0.037473111312832076,0.40739900428041187,-0.15889741261715556,-0.1307101915374056,0.7416376363638137,0.6442762961679362,-0.1334035844836121
-0.035130383150824035,0.42236092161475763,-0.1534062142243045,-0.12596588945304169,0.7426491796219873,0.6449515803169874,-0.1290048438924448
-0.03403761919349536,0.43311806853755497,-0.15269515056847624,-0.12288850205723434,0.7433470298424247,0.6453937742947836,-0.12569998165516344
-0.032867271033001175,0.4446727196540109,-0.1519137022875238,-0.11498895163904022,0.7448096850771905,0.646607690045207,-0.11804477621043717
-0.03203213258512138,0.45297147318748016,-0.15134219560270654,-0.11027872509683356,0.7456821064482626,0.6472426864877385,-0.11346234486398521
-0.030686773235536008,0.46638757456423685,-0.15040260593049312,-0.1026347967200021,0.7469476922406479,0.6482961382701413,-0.10605357449249761
-0.029326399075308693,0.4799363849464724,-0.14943694825966844,-0.09865421289499539,0.7476522601006804,0.6486908317074652,-0.1023896923673985
-0.028379499939226147,0.48948700261895445,-0.1487452582600366,-0.09177068671008035,0.7486948763385517,0.6494964794725612,-0.09585638402271306
-0.027332127685877648,0.5002292575818695,-0.14795722655443566,-0.08053127463386564,0.7501651173481099,0.6507705195156853,-0.08523345264171038
-0.02619839425396886,0.5120376771515446,-0.14707904322204127,-0.07199381803278858,0.7511702596041812,0.6516199619446776,-0.07714633138695502
-0.024875459213919194,0.5260311279214861,-0.1460222713761846,-0.06185847877870846,0.7522249954465904,0.6525097633823956,-0.06754327145772052
-0.018583100026812897,0.5437439057199506,-0.14468907266874217,-0.06416686647949614,0.7521780361583966,0.6521289819288146,-0.06956008981871832
-0.016115947510402587,0.5582453341046988,-0.14382517137687725,-0.05646156644416666,0.7529400306534633,0.652714709684944,-0.06210402173073782
-0.01421438401405709,0.5694953087056166,-0.14312081410742478,-0.05272968747366194,0.7533670119622377,0.6528965499042901,-0.05817061516860891
-0.012567946934606703,0.5792553001377563,-0.14248940102597304,-0.04965539466070237,0.7537000591145828,0.6530304157797495,-0.05497125374495005
-0.010843590949159232,0.5894924391882326,-0.14180761717027504,-0.04642905553516275,0.7540443784448394,0.6531443933914091,-0.0516122032005716
-0.009090348311963104,0.5998746061751862,-0.14110017012130555,-0.04789818507553269,0.7540895951406971,0.6529167008951035,-0.05248264531503302
-0.0075205250564510644,0.6091627733690855,-0.14045031617844025,-0.04739906823100483,0.7542578726437343,0.6528337566419802,-0.05154101351836786
-0.005270857140317739,0.6224439721656423,-0.13949703021550297,-0.046679247767633096,0.7544400019937143,0.6527798740189265,-0.05019728374530419
-0.004881113589126475,0.6247195982092508,-0.13932922524118133,-0.05021867304602535,0.7542416657376046,0.6525226375916351,-0.05302642712191301
-0.0027799246805245135,0.6370352486114244,-0.1384128613740324,-0.05270874614961245,0.7541820768678216,0.6522712882962558,-0.05452842813631897
-0.0009241569389446099,0.6478474461548934,-0.1375881386432498,-0.054899415575115344,0.7541643017197831,0.6519997161394367,-0.05584469836176539
0.0010644934229239085,0.6650260744949942,-0.1365477652851889,-0.05899602111995906,0.754000432662647,0.6515373958050321,-0.05917633736681794
0.002833795938787804,0.6763078267704793,-0.13571231164693967,-0.06322427118362361,0.7537966773679274,0.6510849728505934,-0.0623026391938116
0.005608854855712804,0.6937969344992508,-0.13438568164919892,-0.07193134760829023,0.753176162432117,0.650218241644622,-0.06904916949435567
0.007043320210422815,0.7027033816490972,-0.13369373028984097,-0.07627403707523213,0.752880146744062,0.6497004300494332,-0.0724093025823854
0.009569467201865977,0.7182345739125492,-0.13246635535944076,-0.08383835518637324,0.752223276702094,0.6488481034858005,-0.07827777967015116
0.0117421376158956,0.731454212496009,-0.1314035205170518,-0.08693095931810851,0.7520247130499761,0.6483644038462386,-0.08078019001739377
0.013573185651159858,0.7424487640571146,-0.13050441192519255,-0.092566601343025,0.7515055231599056,0.64761838672928,-0.08521325100078428
0.01580725518656574,0.755664444316489,-0.12940601557703268,-0.10122102817118034,0.7505598172124945,0.6464799465796446,-0.09207574551582984
0.017973358835524013,0.7682981127634854,-0.12833934050311943,-0.10691371108452928,0.7499099203442169,0.6456605146046377,-0.09657675513258149
0.01967815115904253,0.7781228109360195,-0.12749906890711524,-0.1113476090774471,0.7494220942589408,0.6449450607917946,-0.10007049090290085
0.018488605076554584,0.7950060438417967,-0.12955669060707528,-0.1126693587341358,0.749382600448149,0.6446060085047028,-0.10106645114796253
0.01997610569194103,0.8074144116383454,-0.12846974051178797,-0.11642630195323833,0.7489664104076666,0.643954899444421,-0.10400153737360726
0.021916302448630832,0.8233652857514109,-0.1270491233505942,-0.11955350611684377,0.7486441396500179,0.6433679617634847,-0.10637940176158948
0.02419071561707286,0.841813193662878,-0.12537767650023304,-0.12226235963290781,0.7483483473831442,0.6428617079705539,-0.10842274120816543
0.02574424381415214,0.8542633986241425,-0.1242322171049605,-0.12409996272891392,0.74820110086859,0.6424482281895995,-0.10979337869724401
0.027055067034300846,0.8647409093110779,-0.12326435813051376,-0.12145821609764512,0.7487854290209727,0.6426448652818352,-0.10759117136246563
0.02931385749819552,0.8826512757657717,-0.1215916561773322,-0.12119138420490577,0.7489773430796274,0.6425350912025924,-0.10721121453074413
0.03097281329853263,0.8957283113366075,-0.12035757111254505,-0.12100123695329773,0.7491533778474151,0.6424129191993821,-0.10692781846324231
0.031149481744891155,0.897138844652561,-0.12022554874116981,-0.11857106976048298,0.7495578090642223,0.6427204095389182,-0.10494983300998087
0.03299313398668255,0.9116545705528387,-0.11884729356739909,-0.116306366833671,0.7500377383626743,0.6428924863346693,-0.10298286789647629
0.035235376516166754,0.9292853260717688,-0.1171610947738307,-0.11354862238971447,0.7505978552368164,0.6431100001689463,-0.10059372619595662
0.036165756736668345,0.9494363277623737,-0.12466685111588006,-0.11088934202605072,0.7511306645576155,0.6433049882289329,-0.09831058287914311
0.03808208506302623,0.963875855865396,-0.12367920707873523,-0.10840620711535057,0.7516177005867888,0.6434617292863131,-0.09631162633534565
0.04003932898334789,0.9787253847227582,-0.12266613512873523,-0.10313265747757705,0.7524941679698285,0.6439399335033461,-0.0919649072892173
0.04179126000131438,0.9920448579139457,-0.12175895014487356,-0.0992945358096275,0.7531176729838768,0.6442577413052488,-0.08880500304577445
0.04351558660142037,1.0051789800877569,-0.12086576693655124,-0.09550615543734466,0.7537215805874485,0.6445469578972198,-0.08568297553058876
0.04504845065878278,1.016844161907946,-0.12007187544901365,-0.09390035129385425,0.7540336534310493,0.644584980406272,-0.08441668410308949
0.0470880129054935,1.0323837992145635,-0.11901570775663707,-0.0895968215783331,0.7546626249377338,0.6449064281235017,-0.0809470879657588
0.04950988651763217,1.0508796295015121,-0.1177615178349769,-0.08446471618633875,0.755357386266564,0.6452911522797886,-0.07681314680136972
0.049704142940184264,1.0523502154962918,-0.11766128526440985,-0.08589676961540657,0.7552074408819761,0.6451280791252276,-0.07805912970516792
0.05130034345598683,1.0645556394688982,-0.11683635559963942,-0.08324126989348549,0.7555916299628471,0.6452735865814132,-0.07598801337689498
0.0532291754104147,1.0793142661376587,-0.11584063710498042,-0.08002619698166719,0.7560360740195341,0.6454500387474398,-0.07348135857963944
0.05427333227445396,1.0962145319008716,-0.12492744169047096,-0.08037755672510874,0.7560954527837862,0.6452905283045509,-0.07388672908592488
0.055961504953247004,1.1075431167697498,-0.12450818215001987,-0.07898770779391881,0.7563340005559013,0.645295613132404,-0.07289302636496497
0.058036505020954476,1.121449339904829,-0.12399993763707566,-0.07811236127224362,0.7565257009815617,0.6452169929596435,-0.0725420896235189
0.06078615775399076,1.1398475632917375,-0.12333575267762331,-0.07770131899570178,0.7566500888680896,0.6451218014232448,-0.07253281581923997
0.06272236643043819,1.1527788460963397,-0.12287537533343511,-0.07741583493018732,0.7567696197038705,0.6450170993398946,-0.07252222248710868
0.06481636679096761,1.1667250977916983,-0.12237776898830516,-0.07908466264335237,0.7566880910784425,0.644746897422869,-0.07396071401922961
0.06697130082124317,1.1810384400893847,-0.12187243565442037,-0.08011187324757331,0.7566702513351089,0.6445094899312278,-0.07509817506315482
0.06919035504400946,1.1957213011650436,-0.12136050547672717,-0.08276395008652278,0.7564842363502126,0.644083751248544,-0.07770360414623494
0.0706871488505975,1.2055873889465205,-0.12102014595582193,-0.08417066248933672,0.75641044084611,0.643821043895708,-0.07907596342846777
0.07252321149523881,1.2176530078742291,-0.12060658683207758,-0.08589074325735517,0.7563080089330569,0.6435055882122358,-0.08075601393108979
0.07110438797594015,1.2326934427714866,-0.12884343700902368,-0.08825110879803348,0.7561291631916804,0.6431165931213972,-0.08295467448488841
0.07275561235909143,1.2457665562171572,-0.12862371941164638,-0.09053214209005406,0.7559500282343292,0.6427270596794665,-0.08511999070071957
0.07423267718769824,1.257407940523499,-0.12843350685703075,-0.09423367763639569,0.7555972899932896,0.6421350606927249,-0.08863020468817222
0.07562896657367214,1.2683712604369206,-0.12825862907908173,-0.09615773973174212,0.7554387277284805,0.641782577422703,-0.09044966033285891
0.07743690514550777,1.2825226120166373,-0.12803816363347031,-0.09864019254978934,0.7552110458837569,0.6413378776763641,-0.09280148299720092
0.07953472883198952,1.298896404990279,-0.1277895961271498,-0.09970799187234865,0.7551621329126269,0.6410783703264017,-0.09384557779288641
0.0814715413227895,1.313960663257022,-0.1275686229400483,-0.10189834033437745,0.7549615296715866,0.6406569240623786,-0.09596104732634705
0.0834229932570013,1.3290872467577783,-0.12735450716524094,-0.10409902343150705,0.7547524186641866,0.6402274545798015,-0.09808662622108645
0.08365035320643145,1.3308447917794075,-0.12733089995988972,-0.10370596129203757,0.7548182839577,0.6402562284094934,-0.09780794333027529
0.0855374060518405,1.345423132045756,-0.1271343030089151,-0.1050520395232369,0.7547104606273346,0.6399504272571696,-0.09919496088537327
0.08713531368172801,1.35773568029627,-0.12697490349555798,-0.10619308980657709,0.7546391476528838,0.6396639843865095,-0.10036319836392556
0.08645630969161135,1.37369938383156,-0.13349453313661566,-0.10570041338047956,0.7547975568074572,0.6396097324822467,-0.10003729785773857
0.08784641958504302,1.3861250401297978,-0.13349803880995062,-0.10605407289950701,0.7548334851476556,0.63943147973163,-0.10053022455703636
0.08916070262003582,1.3978506075438182,-0.13350961207001077,-0.10638922055097623,0.7548724452678909,0.6392566816835678,-0.10099415848822417
0.08930378833269645,1.3991255879406685,-0.1335135125316582,-0.10551394732518007,0.7550030217968158,0.6393390623887765,-0.10041318290631163
0.09051654569249078,1.409925539502694,-0.13353568698459795,-0.1051543516710207,0.7551290454901289,0.6392717676618466,-0.10027110277797975
0.09219506891949832,1.4248538690763062,-0.1335780119524056,-0.104653954066647,0.7552799265213629,0.639205931162002,-0.10007777005618688
0.0935551918084437,1.4369351463043192,-0.13362293033385386,-0.1034216253408978,0.7555300482665025,0.6392556911174043,-0.09914875164253496
0.0950840417360165,1.4504971543624885,-0.13368526081106127,-0.1022829154862463,0.7557626619335593,0.6392808971564257,-0.09839176061850516
0.09717801019114555,1.4690513386083326,-0.13379272739758633,-0.09994163191499751,0.7561632653282769,0.6394317042670583,-0.09672580811949946
0.09850157514736209,1.480768358478262,-0.13387521854817283,-0.09859221918034662,0.7564048052759378,0.6395009064521725,-0.09575978028073548
0.09963816843547177,1.4908209864451036,-0.13395470085954175,-0.09743633150464802,0.7566272599129807,0.6395390784865405,-0.09492690845106895
0.10117213801096285,1.5053689560324368,-0.1379097061023801,-0.09579154458281172,0.7569088250986037,0.6396336966827645,-0.09371096276440541
0.1033376051263807,1.522512058659632,-0.13829264488184378,-0.09368284951322488,0.7572416311091168,0.6397745489555348,-0.09218005386757526
0.10519180006032897,1.537177640493895,-0.13864076956570592,-0.09178037477252479,0.7575494770108896,0.6398823787581521,-0.09080580401026957
0.10706055768653125,1.5519460710422563,-0.13900838446009342,-0.09014617120010851,0.7578049228334371,0.6399775861661205,-0.08963289548126413
0.10924400363436747,1.5691911880248794,-0.13945860951190903,-0.08823581803239687,0.7580958649722263,0.6400898426196344,-0.08826150521794554
0.11062468706702105,1.580087628690282,-0.139751675159214,-0.08848991756525067,0.7581316012377071,0.6399818052899185,-0.0884833238068177
0.11295358320791142,1.598452535952308,-0.14026560736500057,-0.08698005186710962,0.7583697575996144,0.6400469268374623,-0.08746263648791361
0.11520367427833537,1.616183023516042,-0.14078592078249283,-0.08637432560437114,0.7585078067518309,0.640006007211573,-0.0871647503639932
0.11656072595270818,1.6268678971627544,-0.14111079435933854,-0.08591009784103093,0.7586159049189568,0.6399743474567103,-0.08691489222391244
0.11902712200228253,1.6462781663285693,-0.14171960374178497,-0.08506087175287921,0.7587724075620752,0.6399630625010193,-0.08646594851968406
0.12114072145299697,1.6612697006264363,-0.14332219436344507,-0.0856410451407824,0.7587722756331603,0.6398145836724893,-0.08699162969889117
0.1231059215758884,1.6759780518043912,-0.14386971215461278,-0.08559918596748288,0.7588372712594128,0.6397216355612793,-0.08714932073214529
0.12502697130153387,1.6903488967325755,-0.14441997848622867,-0.08621024206506617,0.7588370930514332,0.6395351142736118,-0.0879141512122568
0.12699226821333348,1.7050465399235097,-0.14499693041273665,-0.08668649370724102,0.758836869832291,0.6393898121429137,-0.08850268312161366
0.1288085919574491,1.7186283052556386,-0.14554264547710985,-0.08712836695513186,0.7588464340737345,0.6392430064994117,-0.08904558274783753
0.13062377826451008,1.7321975075954223,-0.14609749122260643,-0.08781463225758847,0.7588302418978452,0.6390798245023045,-0.08967849383673869
0.13238664562237562,1.7453721734091614,-0.14664735730298337,-0.0885724505553904,0.7588051972307418,0.6388929599769684,-0.09047308633011372
0.13506997794253764,1.7654256374793018,-0.1475041179501788,-0.09001474223435627,0.7587030453620398,0.6386047671377315,-0.09192924740153662
0.13644229554300347,1.775682517044777,-0.14795225310421734,-0.09072113834247128,0.7586771559011314,0.6384334560459609,-0.09263568628140315
0.13899931323187717,1.7947949645249448,-0.14880305958460144,-0.09203226786682317,0.7585830578965466,0.6381641278091394,-0.09395930992304255
0.14102809725955573,1.8116687367471718,-0.1482503460601275,-0.09235964485781312,0.7586068589890981,0.6380435799809405,-0.09426409465718417
0.1429098289427803,1.8265677621654275,-0.1488640884112124,-0.09333717613971852,0.7585511201113174,0.6378226148219655,-0.09524012678382797
0.14533633192016604,1.8457775093814495,-0.14967296694222357,-0.09435840987653352,0.758493238685594,0.6375845537585926,-0.09628309385487614
0.14690588071746793,1.8582019703145582,-0.15020708407230005,-0.0949966977541506,0.7584718231477688,0.6374163260028237,-0.09693579448154294
0.1485990469299631,1.8716014791107347,-0.15079252256238926,-0.09568608862218544,0.7584503394999091,0.6372313228728423,-0.09763962364935197
0.15069896190596782,1.8882125282162479,-0.15153060908275712,-0.0957345904506409,0.7585082202965837,0.6371407961010269,-0.09773317695392321
0.15246536508977307,1.902182299322744,-0.15216322532606338,-0.09614636476847638,0.7585198185523926,0.6369937694174476,-0.09819622766890793
0.15417566485920928,1.9157009030049572,-0.15278677356962336,-0.09628149054979117,0.7585731080635373,0.6368680190555156,-0.09846745962316061
0.15582275493628242,1.9287137228923301,-0.1533971819741455,-0.096338236017065,0.7586222241392216,0.6367784663735535,-0.09861262640314394
0.1578443239940659,1.9446807239167914,-0.15415924596717712,-0.09640750423717456,0.7586773705121788,0.6366745586063683,-0.09879143193046225
0.16124784946317372,1.9632176925916582,-0.1513435175995346,-0.09599536540317447,0.7587941413629522,0.6366501071877354,-0.09845294242538538
0.16285297318812988,1.97560013743529,-0.15184673838319765,-0.09576360263951052,0.7588840680971443,0.6365959711896992,-0.09833551272492833
0.16435093097911674,1.9871456414378041,-0.15232281074043294,-0.09554818002696035,0.7589718965281431,0.6365406910402286,-0.09822501832037088
0.1644950198363429,1.9882541380873289,-0.15236987446113334,-0.09500624131708867,0.759044803735184,0.6365956635439294,-0.09783026725139468
0.16563971730995705,1.9970659656155394,-0.15273950235892886,-0.09468753421946179,0.7591428382943629,0.6365606654904329,-0.09760605042821063
0.16718521930091892,2.0089524600382163,-0.15324400089891935,-0.09425490546490073,0.7592574461709203,0.6365341704645084,-0.09730566818471865
0.16917951418684307,2.024276901422763,-0.15390416469704826,-0.09355204641528145,0.7594048540114317,0.63654337040691,-0.09677199959906087
0.1713211771865038,2.0407201607329615,-0.15462536137928354,-0.09278675814411005,0.7595573329131491,0.6365587891086858,-0.09620906162858904
0.17334612791790466,2.0562545174961757,-0.15531922000026396,-0.09206398899246457,0.7597051507599553,0.6365677256804932,-0.09567568375273408
0.17355270499066164,2.057837101000801,-0.15539075950077566,-0.09191554171186864,0.7597300324715097,0.6365784142491939,-0.09554963874674743
0.1750058345856628,2.0689720155222586,-0.1558967212358544,-0.09138696944415539,0.7598469827454387,0.6365750928531876,-0.09514796785755142
0.17686837101986488,2.0832327157343498,-0.15655334637595195,-0.09070825458523125,0.7599864217520023,0.6365822974905258,-0.0946341895108337
0.18065767724163911,2.100629737294795,-0.15318791076952065,-0.09039056799891572,0.7600834538904978,0.6365490025525359,-0.0943824967252744
0.18277960274988586,2.115894810796805,-0.15378119052768782,-0.08977044122049108,0.7602137593809024,0.6365506702387229,-0.09391247068236518
0.185702629719476,2.136903255553864,-0.15461069001423006,-0.08921911494655728,0.7603424564948448,0.6365344353271442,-0.09350513901541219
0.18752665561820114,2.1500003855427314,-0.15513575082733327,-0.08885286504722643,0.7604379264236653,0.6365115372268006,-0.09323299526750589
0.18976305677037708,2.166045115152363,-0.15578678099939364,-0.08840280369150808,0.7605472140040918,0.6364922848954985,-0.09290021979846076
0.19175717361056852,2.1803395284798617,-0.1563730096649172,-0.08854366086904424,0.7605878794246028,0.6364071114190017,-0.09301659167920606
0.19405213969200896,2.196776047176883,-0.15705532182963872,-0.08833869441659148,0.760667869576687,0.6363591670297754,-0.09288529377467063
0.1964994554040784,2.2142896069839204,-0.15779193437638997,-0.08811981034134021,0.7607512405386585,0.6363102308482634,-0.09274556141470106
0.19669216419416063,2.215667594027697,-0.1578501099797307,-0.08840991512712984,0.7607233896594008,0.6362689749545483,-0.09298065843288936
0.1980383894460398,2.225291874354765,-0.158259393016163,-0.0884439180053231,0.7607707403450652,0.6362011338564604,-0.09302511103160924
0.20061956025764643,2.2437321347608212,-0.15905117701865706,-0.08850339651915812,0.760822604525118,0.6361175582965107,-0.09311587015688497
0.20481915613635546,2.263564960427377,-0.15414059367849123,-0.08878008330456703,0.7608469707109888,0.6360158605620244,-0.09334778562929821
0.2066521563500625,2.2765000213881414,-0.15452881470420338,-0.08899313561016915,0.760880946668108,0.6359160124194669,-0.09354801954204144
0.20985017121718708,2.2990377135051006,-0.15521110553205042,-0.08950657304108496,0.7608836696014043,0.6357707319887141,-0.09402229024479482
0.2121778475521253,2.315421762957487,-0.155711932961954,-0.08991329246118407,0.7608883599711381,0.635652550100749,-0.09439459226902888
0.21501798292809673,2.335390356984262,-0.15632760918523705,-0.09040860713543972,0.7608888306243048,0.6355139459025785,-0.09484985898957557
0.2169879341044406,2.3492234721359884,-0.15675701217230442,-0.0904383217664797,0.7609456606090479,0.6354415214963987,-0.09485085299913969
0.21929957403165573,2.3654353791965637,-0.1572639078748216,-0.0908935180205519,0.7609497296677817,0.635310230410939,-0.09526168398457523
0.22251186786964616,2.3879344583262685,-0.1579735277202378,-0.09137124038128706,0.7609585556657261,0.6351668219300618,-0.09568950469922136
0.2238305411541174,2.397158311656833,-0.15826662113474452,-0.0916130098929834,0.7609811694131978,0.6350726059038685,-0.09590360497572498
0.22628046873200783,2.414277254465387,-0.15881379749091154,-0.09205698509354322,0.7609892247146745,0.6349378193555223,-0.09630616239732552
0.2309840909565482,2.436574433761456,-0.1541779630890987,-0.09215958222112383,0.7610360276025212,0.6348527095532754,-0.09639923894236437
0.23331182390451471,2.4523599895140777,-0.1544994612681467,-0.09246399837873828,0.7610583331227282,0.6347390089038362,-0.09667995223440634
0.2352835771983372,2.4657080945208545,-0.15477216171688016,-0.09265373250680209,0.7611024876165067,0.6346290981248841,-0.09687206516699966
0.23700096040669924,2.477316020860357,-0.15500987126570617,-0.09277455862036356,0.761140961438281,0.6345474026536942,-0.09698923589273288
0.23909499001046683,2.4914500390342837,-0.15529987949448107,-0.09292114392308498,0.761183179974145,0.6344533681424039,-0.09713264739125098
0.24125281097250786,2.505992046643742,-0.15559866314080853,-0.09283932587487226,0.7612527056621167,0.6343926953948289,-0.09706227754843733
0.2442522509515056,2.526173585862511,-0.15601437111414382,-0.09284869488961134,0.7613123317310587,0.6343136242681251,-0.09710241747428264
0.2465520748452147,2.5416208761250374,-0.1563338495322445,-0.09269079358519398,0.7613985853849041,0.6342512365575069,-0.09698443114071048
0.24876428389601507,2.5564567744367346,-0.1566415447130191,-0.09256827456915535,0.7614678671941791,0.6341988053333788,-0.09690034616941541
0.25123304619813536,2.5729892826877023,-0.15698546275134845,-0.09243165048486275,0.7615449926342183,0.6341404459727722,-0.09680655434342307
0.25444031977800413,2.5884686180698933,-0.1543882533016969,-0.092287891031628,0.7616245917837371,0.6340863329544735,-0.09667186105345656
0.2568220888275654,2.6040398356608017,-0.1546149964683342,-0.0920615392324423,0.7617114351751577,0.6340417173151873,-0.09649592334167664
0.2589320332635307,2.6178118012613925,-0.1548150052923134,-0.09186238327200888,0.7617956357908953,0.6339933065051231,-0.09633898035703603
0.2591278644386492,2.6190884386236664,-0.15483358646405865,-0.0917301076482432,0.761817261746048,0.6340038330084298,-0.09622466828840816
0.26099017702156463,2.631223511565793,-0.15500935842654764,-0.09151873037274136,0.7618978022472568,0.6339641659453952,-0.09604945194492827
0.26392137506040786,2.6502942401202914,-0.1552843123030076,-0.09118230369503057,0.7619984474358901,0.6339328123494211,-0.09577757057325095
0.2660517551106482,2.664131342623072,-0.15548255250313373,-0.09113284970390179,0.7620641883422896,0.6338701404097018,-0.09571636039903753
0.26812447130696565,2.677572902223939,-0.1556743760064998,-0.09090383364466324,0.7621529847662287,0.633826126642079,-0.09551838580363008
0.270710342116617,2.694313201456323,-0.1559120314606667,-0.09060491318416529,0.7622548414267207,0.6337865231250773,-0.09525203164993647
0.27275476138858334,2.707526962992554,-0.1560985490598518,-0.09042380900789096,0.762331441500586,0.6337450276522849,-0.09508705479794759
0.27488113995649455,2.7212501440994195,-0.15629116375594712,-0.09023628089828825,0.7624151845072974,0.6336968260135062,-0.09491487103060865
0.2785070568759976,2.739311815577623,-0.15335019080373052,-0.09023294913274972,0.7624777269218472,0.6336264766451425,-0.09488529355575669
0.28109174367774775,2.7558050885003027,-0.15345628311229148,-0.09009788223268946,0.7625527572550574,0.633576154061991,-0.09474661484142972
0.2844756784037954,2.777353628974028,-0.15358861661529505,-0.09007803477612761,0.7626255818864307,0.6335009216730448,-0.09468237292472333
0.28636507592199617,2.7893616000120414,-0.15365908962375344,-0.09005792760953531,0.7626792781504436,0.6334460267042841,-0.09463624890679907
0.2884614994285941,2.802664590244346,-0.15373443565940997,-0.09003633354362767,0.7627429393786505,0.633380178303745,-0.09458444270572744
0.29067822980952157,2.8167054926505974,-0.15381081143254577,-0.09013980141917205,0.7627932544690484,0.6332976876191321,-0.09463247853084082
0.29261717737411047,2.82896466016619,-0.15387470086918456,-0.09019632555398704,0.7628478455534629,0.6332227373771007,-0.09464011971490124
0.29575879473465383,2.84878739905289,-0.15397241174634207,-0.09038302124626509,0.7628960965771237,0.6331245311738631,-0.09473005501772541
0.2978580859387683,2.8620064796693168,-0.15403343919536833,-0.09050676972264914,0.7629360063307856,0.6330500997999237,-0.09478790018620346
0.30069004809084976,2.879807120664869,-0.15411062059371133,-0.0906717507363621,0.7629789543326301,0.6329627901840017,-0.09486756614550995
0.3041309948721172,2.898454956477196,-0.1522041687117885,-0.0907714902006977,0.7630309708403638,0.6328783942221162,-0.09491687011270529
0.3061175432692614,2.9108748019661554,-0.15219393633832445,-0.09092625206822945,0.7630738508563341,0.6327926409136151,-0.09499572848124774
0.3085811579264931,2.926244553978623,-0.15217587053893372,-0.0912155863566755,0.7631084830471374,0.632685573741329,-0.09515316435468692
0.3103093991603155,2.9370049264246854,-0.15215956835280778,-0.09135970944233598,0.7631468993957046,0.6326074881704609,-0.09522593839912714
0.3122909735212081,2.949321410546847,-0.15213747712281492,-0.09152448784128915,0.763188613613349,0.6325207410825323,-0.09530960222731032
0.3148694780974343,2.9653167090063364,-0.15210367014888415,-0.0916579776375269,0.7632363541596349,0.6324352565363841,-0.09536628919206588
0.317402597950483,2.980997116994235,-0.1520644567549286,-0.09184719480912656,0.7632764847910964,0.6323455740433154,-0.09545771607613246
0.3204502281171002,2.999819723321582,-0.15200944756809512,-0.09202011965255469,0.7633234535242993,0.6322529067995059,-0.09552939192961389
0.32319227284131036,3.0167182330013795,-0.15195270305369812,-0.09217501590460458,0.7633626959142814,0.6321737893993944,-0.09559006708793726
0.32520982885320404,3.0291275781697404,-0.15190639344464685,-0.09229189099730739,0.7634112721287384,0.632091765148998,-0.09563177753103988
0.3286984410274989,3.049105578052501,-0.15100248608245523,-0.09228304876609739,0.7634793020560475,0.6320173208212029,-0.09558922755432794
0.33042095721735965,3.0596183245495903,-0.15093817090932346,-0.09234282083492179,0.7635294436779089,0.6319475462411656,-0.09559231599308737
0.3337336046448122,3.0797970950095412,-0.15080709616494903,-0.09245039022709818,0.7635790006678437,0.6318699884349847,-0.09560519233350735
0.3340056116444795,3.0814512061076833,-0.15079583917133185,-0.09239098288911539,0.7635937192816353,0.631869025325449,-0.0955514154196021
0.33706905040163637,3.1000669371420666,-0.1506647166977521,-0.09241656589457384,0.7636458364657899,0.631809071411425,-0.09550660751461543
0.33943838468995113,3.114436425486718,-0.1505572679392638,-0.09243905219846185,0.7637046245132909,0.6317403529460022,-0.09546933845651112
0.34182546168495803,3.1288857097030487,-0.15044479888873824,-0.09238447608802565,0.7637733501424205,0.6316745008783963,-0.09540808734165797
0.34495474705016976,3.1477889385679876,-0.15028970294542968,-0.0923466376058945,0.7638408116818677,0.6316128850768218,-0.09531251930887548
0.3471280473962537,3.160891031307051,-0.15017673733484627,-0.09232307458565107,0.7639055649025092,0.6315484084691364,-0.09524361170247429
0.34736372103732155,3.1623098020784144,-0.15016424486311286,-0.09227177418618845,0.7639182024156475,0.6315473298003436,-0.0951991067638505
0.34977064279944203,3.176790914159634,-0.15003392891955405,-0.09220906574751916,0.7639814666050567,0.6314949643397604,-0.09509951046919812
0.3525047135118622,3.1932100854168444,-0.14987987645966233,-0.09213757166748048,0.7640516849365957,0.6314374142067375,-0.09498674945842815
0.3555786486237489,3.212293675072934,-0.14973120172090165,-0.09210464968906287,0.7641183274512818,0.6313685632468469,-0.09494025754295701
